<?xml version="1.0" encoding="UTF-8"?>
<GenRun Id="impl_1" LaunchPart="xc7a35tcsg324-1" LaunchTime="1636961352">
  <File Type="ROUTE-BUS-SKEW" Name="project_04_bus_skew_routed.rpt"/>
  <File Type="PA-DCP" Name="project_04.dcp"/>
  <File Type="OPT-HWDEF" Name="project_04.hwdef"/>
  <File Type="ROUTE-PWR" Name="project_04_power_routed.rpt"/>
  <File Type="PA-TCL" Name="project_04.tcl"/>
  <File Type="BITSTR-BMM" Name="project_04_bd.bmm"/>
  <File Type="OPT-DCP" Name="project_04_opt.dcp"/>
  <File Type="REPORTS-TCL" Name="project_04_reports.tcl"/>
  <File Type="ROUTE-PWR-SUM" Name="project_04_power_summary_routed.pb"/>
  <File Type="OPT-DRC" Name="project_04_drc_opted.rpt"/>
  <File Type="PWROPT-DCP" Name="project_04_pwropt.dcp"/>
  <File Type="PLACE-DCP" Name="project_04_placed.dcp"/>
  <File Type="PLACE-IO" Name="project_04_io_placed.rpt"/>
  <File Type="PLACE-UTIL" Name="project_04_utilization_placed.rpt"/>
  <File Type="PLACE-UTIL-PB" Name="project_04_utilization_placed.pb"/>
  <File Type="PLACE-CTRL" Name="project_04_control_sets_placed.rpt"/>
  <File Type="PLACE-PRE-SIMILARITY" Name="project_04_incremental_reuse_pre_placed.rpt"/>
  <File Type="POSTPLACE-PWROPT-DCP" Name="project_04_postplace_pwropt.dcp"/>
  <File Type="BG-BIN" Name="project_04.bin"/>
  <File Type="PHYSOPT-DCP" Name="project_04_physopt.dcp"/>
  <File Type="BITSTR-MSK" Name="project_04.msk"/>
  <File Type="ROUTE-ERROR-DCP" Name="project_04_routed_error.dcp"/>
  <File Type="ROUTE-DCP" Name="project_04_routed.dcp"/>
  <File Type="ROUTE-BLACKBOX-DCP" Name="project_04_routed_bb.dcp"/>
  <File Type="ROUTE-DRC" Name="project_04_drc_routed.rpt"/>
  <File Type="ROUTE-DRC-PB" Name="project_04_drc_routed.pb"/>
  <File Type="ROUTE-DRC-RPX" Name="project_04_drc_routed.rpx"/>
  <File Type="BITSTR-LTX" Name="project_04.ltx"/>
  <File Type="ROUTE-METHODOLOGY-DRC" Name="project_04_methodology_drc_routed.rpt"/>
  <File Type="BITSTR-MMI" Name="project_04.mmi"/>
  <File Type="ROUTE-METHODOLOGY-DRC-RPX" Name="project_04_methodology_drc_routed.rpx"/>
  <File Type="ROUTE-METHODOLOGY-DRC-PB" Name="project_04_methodology_drc_routed.pb"/>
  <File Type="BITSTR-SYSDEF" Name="project_04.sysdef"/>
  <File Type="ROUTE-PWR-RPX" Name="project_04_power_routed.rpx"/>
  <File Type="ROUTE-STATUS" Name="project_04_route_status.rpt"/>
  <File Type="ROUTE-STATUS-PB" Name="project_04_route_status.pb"/>
  <File Type="ROUTE-TIMINGSUMMARY" Name="project_04_timing_summary_routed.rpt"/>
  <File Type="ROUTE-TIMING-PB" Name="project_04_timing_summary_routed.pb"/>
  <File Type="ROUTE-TIMING-RPX" Name="project_04_timing_summary_routed.rpx"/>
  <File Type="ROUTE-CLK" Name="project_04_clock_utilization_routed.rpt"/>
  <File Type="ROUTE-BUS-SKEW-PB" Name="project_04_bus_skew_routed.pb"/>
  <File Type="ROUTE-BUS-SKEW-RPX" Name="project_04_bus_skew_routed.rpx"/>
  <File Type="POSTROUTE-PHYSOPT-DCP" Name="project_04_postroute_physopt.dcp"/>
  <File Type="POSTROUTE-PHYSOPT-BLACKBOX-DCP" Name="project_04_postroute_physopt_bb.dcp"/>
  <File Type="BG-BIT" Name="project_04.bit"/>
  <File Type="BITSTR-RBT" Name="project_04.rbt"/>
  <File Type="BITSTR-NKY" Name="project_04.nky"/>
  <File Type="BG-BGN" Name="project_04.bgn"/>
  <File Type="BG-DRC" Name="project_04.drc"/>
  <File Type="RDI-RDI" Name="project_04.vdi"/>
  <File Type="WBT-USG" Name="usage_statistics_webtalk.html"/>
  <FileSet Name="sources" Type="DesignSrcs" RelSrcDir="$PSRCDIR/sources_1">
    <Filter Type="Srcs"/>
    <File Path="$PSRCDIR/sources_1/new/project_04.v">
      <FileInfo>
        <Attr Name="UsedIn" Val="synthesis"/>
        <Attr Name="UsedIn" Val="implementation"/>
        <Attr Name="UsedIn" Val="simulation"/>
      </FileInfo>
    </File>
    <Config>
      <Option Name="DesignMode" Val="RTL"/>
      <Option Name="TopModule" Val="project_04"/>
      <Option Name="TopAutoSet" Val="TRUE"/>
    </Config>
  </FileSet>
  <FileSet Name="constrs_in" Type="Constrs" RelSrcDir="$PSRCDIR/constrs_1">
    <Filter Type="Constrs"/>
    <File Path="$PSRCDIR/constrs_1/new/EX04.xdc">
      <FileInfo>
        <Attr Name="UsedIn" Val="synthesis"/>
        <Attr Name="UsedIn" Val="implementation"/>
      </FileInfo>
    </File>
    <Config>
      <Option Name="TargetConstrsFile" Val="$PSRCDIR/constrs_1/new/EX04.xdc"/>
      <Option Name="ConstrsType" Val="XDC"/>
    </Config>
  </FileSet>
  <FileSet Name="utils" Type="Utils" RelSrcDir="$PSRCDIR/utils_1">
    <Filter Type="Utils"/>
    <Config>
      <Option Name="TopAutoSet" Val="TRUE"/>
    </Config>
  </FileSet>
  <Strategy Version="1" Minor="2">
    <StratHandle Name="Vivado Implementation Defaults" Flow="Vivado Implementation 2018"/>
    <Step Id="init_design"/>
    <Step Id="opt_design"/>
    <Step Id="power_opt_design"/>
    <Step Id="place_design"/>
    <Step Id="post_place_power_opt_design"/>
    <Step Id="phys_opt_design"/>
    <Step Id="route_design"/>
    <Step Id="post_route_phys_opt_design"/>
    <Step Id="write_bitstream"/>
  </Strategy>
</GenRun>
