<?xml version="1.0" encoding="UTF-8"?>
<GenRun Id="synth_1" LaunchPart="xc7a35tcsg324-1" LaunchTime="1635748372">
  <File Type="PA-TCL" Name="IPdesign_Second_wrapper.tcl"/>
  <File Type="REPORTS-TCL" Name="IPdesign_Second_wrapper_reports.tcl"/>
  <File Type="RDS-RDS" Name="IPdesign_Second_wrapper.vds"/>
  <File Type="RDS-UTIL" Name="IPdesign_Second_wrapper_utilization_synth.rpt"/>
  <File Type="RDS-UTIL-PB" Name="IPdesign_Second_wrapper_utilization_synth.pb"/>
  <File Type="RDS-DCP" Name="IPdesign_Second_wrapper.dcp"/>
  <FileSet Name="sources" Type="DesignSrcs" RelSrcDir="$PSRCDIR/sources_1">
    <Filter Type="Srcs"/>
    <File Path="$PSRCDIR/sources_1/bd/IPdesign_Second/IPdesign_Second.bd">
      <FileInfo>
        <Attr Name="UsedIn" Val="synthesis"/>
        <Attr Name="UsedIn" Val="implementation"/>
        <Attr Name="UsedIn" Val="simulation"/>
      </FileInfo>
    </File>
    <File Path="$PSRCDIR/sources_1/bd/IPdesign_Second/hdl/IPdesign_Second_wrapper.v">
      <FileInfo>
        <Attr Name="UsedIn" Val="synthesis"/>
        <Attr Name="UsedIn" Val="implementation"/>
        <Attr Name="UsedIn" Val="simulation"/>
      </FileInfo>
    </File>
    <Config>
      <Option Name="DesignMode" Val="RTL"/>
      <Option Name="TopModule" Val="IPdesign_Second_wrapper"/>
      <Option Name="TopAutoSet" Val="TRUE"/>
    </Config>
  </FileSet>
  <FileSet Name="constrs_in" Type="Constrs" RelSrcDir="$PSRCDIR/constrs_1">
    <Filter Type="Constrs"/>
    <File Path="$PSRCDIR/constrs_1/new/EX2.xdc">
      <FileInfo>
        <Attr Name="UsedIn" Val="synthesis"/>
        <Attr Name="UsedIn" Val="implementation"/>
      </FileInfo>
    </File>
    <Config>
      <Option Name="TargetConstrsFile" Val="$PSRCDIR/constrs_1/new/EX2.xdc"/>
      <Option Name="ConstrsType" Val="XDC"/>
    </Config>
  </FileSet>
  <FileSet Name="utils" Type="Utils" RelSrcDir="$PSRCDIR/utils_1">
    <Filter Type="Utils"/>
    <Config>
      <Option Name="TopAutoSet" Val="TRUE"/>
    </Config>
  </FileSet>
  <Strategy Version="1" Minor="2">
    <StratHandle Name="Vivado Synthesis Defaults" Flow="Vivado Synthesis 2018"/>
    <Step Id="synth_design"/>
  </Strategy>
  <BlockFileSet Type="BlockSrcs" Name="IPdesign_Second_xup_and2_0_0"/>
  <BlockFileSet Type="BlockSrcs" Name="IPdesign_Second_xup_or2_0_2"/>
  <BlockFileSet Type="BlockSrcs" Name="IPdesign_Second_xup_and2_0_4"/>
  <BlockFileSet Type="BlockSrcs" Name="IPdesign_Second_xup_or2_1_0"/>
  <BlockFileSet Type="BlockSrcs" Name="IPdesign_Second_xup_and2_0_5"/>
</GenRun>
