<?xml version="1.0" encoding="UTF-8"?>
<GenRun Id="impl_1" LaunchPart="xc7a35tcsg324-1" LaunchTime="1635748428">
  <File Type="ROUTE-BUS-SKEW" Name="IPdesign_Second_wrapper_bus_skew_routed.rpt"/>
  <File Type="PA-DCP" Name="IPdesign_Second_wrapper.dcp"/>
  <File Type="OPT-HWDEF" Name="IPdesign_Second_wrapper.hwdef"/>
  <File Type="ROUTE-PWR" Name="IPdesign_Second_wrapper_power_routed.rpt"/>
  <File Type="PA-TCL" Name="IPdesign_Second_wrapper.tcl"/>
  <File Type="BITSTR-BMM" Name="IPdesign_Second_wrapper_bd.bmm"/>
  <File Type="OPT-DCP" Name="IPdesign_Second_wrapper_opt.dcp"/>
  <File Type="REPORTS-TCL" Name="IPdesign_Second_wrapper_reports.tcl"/>
  <File Type="ROUTE-PWR-SUM" Name="IPdesign_Second_wrapper_power_summary_routed.pb"/>
  <File Type="OPT-DRC" Name="IPdesign_Second_wrapper_drc_opted.rpt"/>
  <File Type="PWROPT-DCP" Name="IPdesign_Second_wrapper_pwropt.dcp"/>
  <File Type="PLACE-DCP" Name="IPdesign_Second_wrapper_placed.dcp"/>
  <File Type="PLACE-IO" Name="IPdesign_Second_wrapper_io_placed.rpt"/>
  <File Type="PLACE-UTIL" Name="IPdesign_Second_wrapper_utilization_placed.rpt"/>
  <File Type="PLACE-UTIL-PB" Name="IPdesign_Second_wrapper_utilization_placed.pb"/>
  <File Type="PLACE-CTRL" Name="IPdesign_Second_wrapper_control_sets_placed.rpt"/>
  <File Type="PLACE-PRE-SIMILARITY" Name="IPdesign_Second_wrapper_incremental_reuse_pre_placed.rpt"/>
  <File Type="POSTPLACE-PWROPT-DCP" Name="IPdesign_Second_wrapper_postplace_pwropt.dcp"/>
  <File Type="BG-BIN" Name="IPdesign_Second_wrapper.bin"/>
  <File Type="PHYSOPT-DCP" Name="IPdesign_Second_wrapper_physopt.dcp"/>
  <File Type="BITSTR-MSK" Name="IPdesign_Second_wrapper.msk"/>
  <File Type="ROUTE-ERROR-DCP" Name="IPdesign_Second_wrapper_routed_error.dcp"/>
  <File Type="ROUTE-DCP" Name="IPdesign_Second_wrapper_routed.dcp"/>
  <File Type="ROUTE-BLACKBOX-DCP" Name="IPdesign_Second_wrapper_routed_bb.dcp"/>
  <File Type="ROUTE-DRC" Name="IPdesign_Second_wrapper_drc_routed.rpt"/>
  <File Type="ROUTE-DRC-PB" Name="IPdesign_Second_wrapper_drc_routed.pb"/>
  <File Type="ROUTE-DRC-RPX" Name="IPdesign_Second_wrapper_drc_routed.rpx"/>
  <File Type="BITSTR-LTX" Name="IPdesign_Second_wrapper.ltx"/>
  <File Type="ROUTE-METHODOLOGY-DRC" Name="IPdesign_Second_wrapper_methodology_drc_routed.rpt"/>
  <File Type="BITSTR-MMI" Name="IPdesign_Second_wrapper.mmi"/>
  <File Type="ROUTE-METHODOLOGY-DRC-RPX" Name="IPdesign_Second_wrapper_methodology_drc_routed.rpx"/>
  <File Type="ROUTE-METHODOLOGY-DRC-PB" Name="IPdesign_Second_wrapper_methodology_drc_routed.pb"/>
  <File Type="BITSTR-SYSDEF" Name="IPdesign_Second_wrapper.sysdef"/>
  <File Type="ROUTE-PWR-RPX" Name="IPdesign_Second_wrapper_power_routed.rpx"/>
  <File Type="ROUTE-STATUS" Name="IPdesign_Second_wrapper_route_status.rpt"/>
  <File Type="ROUTE-STATUS-PB" Name="IPdesign_Second_wrapper_route_status.pb"/>
  <File Type="ROUTE-TIMINGSUMMARY" Name="IPdesign_Second_wrapper_timing_summary_routed.rpt"/>
  <File Type="ROUTE-TIMING-PB" Name="IPdesign_Second_wrapper_timing_summary_routed.pb"/>
  <File Type="ROUTE-TIMING-RPX" Name="IPdesign_Second_wrapper_timing_summary_routed.rpx"/>
  <File Type="ROUTE-CLK" Name="IPdesign_Second_wrapper_clock_utilization_routed.rpt"/>
  <File Type="ROUTE-BUS-SKEW-PB" Name="IPdesign_Second_wrapper_bus_skew_routed.pb"/>
  <File Type="ROUTE-BUS-SKEW-RPX" Name="IPdesign_Second_wrapper_bus_skew_routed.rpx"/>
  <File Type="POSTROUTE-PHYSOPT-DCP" Name="IPdesign_Second_wrapper_postroute_physopt.dcp"/>
  <File Type="POSTROUTE-PHYSOPT-BLACKBOX-DCP" Name="IPdesign_Second_wrapper_postroute_physopt_bb.dcp"/>
  <File Type="BG-BIT" Name="IPdesign_Second_wrapper.bit"/>
  <File Type="BITSTR-RBT" Name="IPdesign_Second_wrapper.rbt"/>
  <File Type="BITSTR-NKY" Name="IPdesign_Second_wrapper.nky"/>
  <File Type="BG-BGN" Name="IPdesign_Second_wrapper.bgn"/>
  <File Type="BG-DRC" Name="IPdesign_Second_wrapper.drc"/>
  <File Type="RDI-RDI" Name="IPdesign_Second_wrapper.vdi"/>
  <File Type="WBT-USG" Name="usage_statistics_webtalk.html"/>
  <FileSet Name="sources" Type="DesignSrcs" RelSrcDir="$PSRCDIR/sources_1">
    <Filter Type="Srcs"/>
    <File Path="$PSRCDIR/sources_1/bd/IPdesign_Second/IPdesign_Second.bd">
      <FileInfo>
        <Attr Name="UsedIn" Val="synthesis"/>
        <Attr Name="UsedIn" Val="implementation"/>
        <Attr Name="UsedIn" Val="simulation"/>
      </FileInfo>
    </File>
    <File Path="$PSRCDIR/sources_1/bd/IPdesign_Second/hdl/IPdesign_Second_wrapper.v">
      <FileInfo>
        <Attr Name="UsedIn" Val="synthesis"/>
        <Attr Name="UsedIn" Val="implementation"/>
        <Attr Name="UsedIn" Val="simulation"/>
      </FileInfo>
    </File>
    <Config>
      <Option Name="DesignMode" Val="RTL"/>
      <Option Name="TopModule" Val="IPdesign_Second_wrapper"/>
      <Option Name="TopAutoSet" Val="TRUE"/>
    </Config>
  </FileSet>
  <FileSet Name="constrs_in" Type="Constrs" RelSrcDir="$PSRCDIR/constrs_1">
    <Filter Type="Constrs"/>
    <File Path="$PSRCDIR/constrs_1/new/EX2.xdc">
      <FileInfo>
        <Attr Name="UsedIn" Val="synthesis"/>
        <Attr Name="UsedIn" Val="implementation"/>
      </FileInfo>
    </File>
    <Config>
      <Option Name="TargetConstrsFile" Val="$PSRCDIR/constrs_1/new/EX2.xdc"/>
      <Option Name="ConstrsType" Val="XDC"/>
    </Config>
  </FileSet>
  <FileSet Name="utils" Type="Utils" RelSrcDir="$PSRCDIR/utils_1">
    <Filter Type="Utils"/>
    <Config>
      <Option Name="TopAutoSet" Val="TRUE"/>
    </Config>
  </FileSet>
  <Strategy Version="1" Minor="2">
    <StratHandle Name="Vivado Implementation Defaults" Flow="Vivado Implementation 2018"/>
    <Step Id="init_design"/>
    <Step Id="opt_design"/>
    <Step Id="power_opt_design"/>
    <Step Id="place_design"/>
    <Step Id="post_place_power_opt_design"/>
    <Step Id="phys_opt_design"/>
    <Step Id="route_design"/>
    <Step Id="post_route_phys_opt_design"/>
    <Step Id="write_bitstream"/>
  </Strategy>
  <BlockFileSet Type="BlockSrcs" Name="IPdesign_Second_xup_and2_0_0"/>
  <BlockFileSet Type="BlockSrcs" Name="IPdesign_Second_xup_or2_0_2"/>
  <BlockFileSet Type="BlockSrcs" Name="IPdesign_Second_xup_and2_0_4"/>
  <BlockFileSet Type="BlockSrcs" Name="IPdesign_Second_xup_or2_1_0"/>
  <BlockFileSet Type="BlockSrcs" Name="IPdesign_Second_xup_and2_0_5"/>
</GenRun>
