<?xml version="1.0"?>
<Runs Version="1" Minor="0">
	<Run Id="IPdesign_Second_xup_and2_0_0_synth_1" LaunchDir="D:/vivadolearning/project_02/project_02.runs/IPdesign_Second_xup_and2_0_0_synth_1" FlowId="Vivado_Synthesis" FromStepId="vivado" ToStepId="vivado"/>
	<Run Id="IPdesign_Second_xup_or2_0_2_synth_1" LaunchDir="D:/vivadolearning/project_02/project_02.runs/IPdesign_Second_xup_or2_0_2_synth_1" FlowId="Vivado_Synthesis" FromStepId="vivado" ToStepId="vivado"/>
	<Run Id="IPdesign_Second_xup_or2_1_0_synth_1" LaunchDir="D:/vivadolearning/project_02/project_02.runs/IPdesign_Second_xup_or2_1_0_synth_1" FlowId="Vivado_Synthesis" FromStepId="vivado" ToStepId="vivado" IsOrderedIPRun="true">
		<Parent Id="IPdesign_Second_xup_or2_0_2_synth_1"/>
	</Run>
	<Run Id="IPdesign_Second_xup_and2_0_4_synth_1" LaunchDir="D:/vivadolearning/project_02/project_02.runs/IPdesign_Second_xup_and2_0_4_synth_1" FlowId="Vivado_Synthesis" FromStepId="vivado" ToStepId="vivado" IsOrderedIPRun="true">
		<Parent Id="IPdesign_Second_xup_and2_0_0_synth_1"/>
	</Run>
	<Run Id="IPdesign_Second_xup_and2_0_5_synth_1" LaunchDir="D:/vivadolearning/project_02/project_02.runs/IPdesign_Second_xup_and2_0_5_synth_1" FlowId="Vivado_Synthesis" FromStepId="vivado" ToStepId="vivado" IsOrderedIPRun="true">
		<Parent Id="IPdesign_Second_xup_and2_0_0_synth_1"/>
	</Run>
	<Run Id="synth_1" LaunchDir="D:/vivadolearning/project_02/project_02.runs/synth_1" FlowId="Vivado_Synthesis" FromStepId="vivado" ToStepId="vivado">
		<Parent Id="IPdesign_Second_xup_and2_0_0_synth_1"/>
		<Parent Id="IPdesign_Second_xup_or2_0_2_synth_1"/>
		<Parent Id="IPdesign_Second_xup_or2_1_0_synth_1"/>
		<Parent Id="IPdesign_Second_xup_and2_0_4_synth_1"/>
		<Parent Id="IPdesign_Second_xup_and2_0_5_synth_1"/>
	</Run>
	<Parameters>
		<Parameter Name="runs.monitorLSFJobs" Val="true" Type="bool"/>
	</Parameters>
</Runs>

