<?xml version="1.0" encoding="UTF-8"?>
<GenRun Id="impl_1" LaunchPart="xc7a35tcsg324-1" LaunchTime="1635141876">
  <File Type="OPT-HWDEF" Name="First.hwdef"/>
  <File Type="ROUTE-BUS-SKEW" Name="First_bus_skew_routed.rpt"/>
  <File Type="PA-DCP" Name="First.dcp"/>
  <File Type="BITSTR-BMM" Name="First_bd.bmm"/>
  <File Type="OPT-METHODOLOGY-DRC" Name="First_methodology_drc_opted.rpt"/>
  <File Type="INIT-TIMING" Name="First_timing_summary_init.rpt"/>
  <File Type="ROUTE-PWR" Name="First_power_routed.rpt"/>
  <File Type="PA-TCL" Name="First.tcl"/>
  <File Type="OPT-TIMING" Name="First_timing_summary_opted.rpt"/>
  <File Type="OPT-DCP" Name="First_opt.dcp"/>
  <File Type="ROUTE-PWR-SUM" Name="First_power_summary_routed.pb"/>
  <File Type="REPORTS-TCL" Name="First_reports.tcl"/>
  <File Type="OPT-DRC" Name="First_drc_opted.rpt"/>
  <File Type="PWROPT-DCP" Name="First_pwropt.dcp"/>
  <File Type="PWROPT-DRC" Name="First_drc_pwropted.rpt"/>
  <File Type="PWROPT-TIMING" Name="First_timing_summary_pwropted.rpt"/>
  <File Type="PLACE-DCP" Name="First_placed.dcp"/>
  <File Type="PLACE-IO" Name="First_io_placed.rpt"/>
  <File Type="PLACE-CLK" Name="First_clock_utilization_placed.rpt"/>
  <File Type="PLACE-UTIL" Name="First_utilization_placed.rpt"/>
  <File Type="PLACE-UTIL-PB" Name="First_utilization_placed.pb"/>
  <File Type="PLACE-CTRL" Name="First_control_sets_placed.rpt"/>
  <File Type="PLACE-SIMILARITY" Name="First_incremental_reuse_placed.rpt"/>
  <File Type="PLACE-PRE-SIMILARITY" Name="First_incremental_reuse_pre_placed.rpt"/>
  <File Type="PLACE-TIMING" Name="First_timing_summary_placed.rpt"/>
  <File Type="POSTPLACE-PWROPT-DCP" Name="First_postplace_pwropt.dcp"/>
  <File Type="BG-BIN" Name="First.bin"/>
  <File Type="POSTPLACE-PWROPT-TIMING" Name="First_timing_summary_postplace_pwropted.rpt"/>
  <File Type="PHYSOPT-DCP" Name="First_physopt.dcp"/>
  <File Type="PHYSOPT-DRC" Name="First_drc_physopted.rpt"/>
  <File Type="BITSTR-MSK" Name="First.msk"/>
  <File Type="PHYSOPT-TIMING" Name="First_timing_summary_physopted.rpt"/>
  <File Type="ROUTE-ERROR-DCP" Name="First_routed_error.dcp"/>
  <File Type="ROUTE-DCP" Name="First_routed.dcp"/>
  <File Type="ROUTE-BLACKBOX-DCP" Name="First_routed_bb.dcp"/>
  <File Type="ROUTE-DRC" Name="First_drc_routed.rpt"/>
  <File Type="ROUTE-DRC-PB" Name="First_drc_routed.pb"/>
  <File Type="BITSTR-LTX" Name="debug_nets.ltx"/>
  <File Type="BITSTR-LTX" Name="First.ltx"/>
  <File Type="ROUTE-DRC-RPX" Name="First_drc_routed.rpx"/>
  <File Type="BITSTR-MMI" Name="First.mmi"/>
  <File Type="ROUTE-METHODOLOGY-DRC" Name="First_methodology_drc_routed.rpt"/>
  <File Type="ROUTE-METHODOLOGY-DRC-RPX" Name="First_methodology_drc_routed.rpx"/>
  <File Type="BITSTR-SYSDEF" Name="First.sysdef"/>
  <File Type="ROUTE-METHODOLOGY-DRC-PB" Name="First_methodology_drc_routed.pb"/>
  <File Type="ROUTE-PWR-RPX" Name="First_power_routed.rpx"/>
  <File Type="ROUTE-STATUS" Name="First_route_status.rpt"/>
  <File Type="ROUTE-STATUS-PB" Name="First_route_status.pb"/>
  <File Type="ROUTE-TIMINGSUMMARY" Name="First_timing_summary_routed.rpt"/>
  <File Type="ROUTE-TIMING-PB" Name="First_timing_summary_routed.pb"/>
  <File Type="ROUTE-TIMING-RPX" Name="First_timing_summary_routed.rpx"/>
  <File Type="ROUTE-SIMILARITY" Name="First_incremental_reuse_routed.rpt"/>
  <File Type="ROUTE-CLK" Name="First_clock_utilization_routed.rpt"/>
  <File Type="ROUTE-BUS-SKEW-PB" Name="First_bus_skew_routed.pb"/>
  <File Type="ROUTE-BUS-SKEW-RPX" Name="First_bus_skew_routed.rpx"/>
  <File Type="POSTROUTE-PHYSOPT-DCP" Name="First_postroute_physopt.dcp"/>
  <File Type="POSTROUTE-PHYSOPT-BLACKBOX-DCP" Name="First_postroute_physopt_bb.dcp"/>
  <File Type="POSTROUTE-PHYSOPT-TIMING" Name="First_timing_summary_postroute_physopted.rpt"/>
  <File Type="POSTROUTE-PHYSOPT-TIMING-PB" Name="First_timing_summary_postroute_physopted.pb"/>
  <File Type="POSTROUTE-PHYSOPT-TIMING-RPX" Name="First_timing_summary_postroute_physopted.rpx"/>
  <File Type="POSTROUTE-PHYSOPT-BUS-SKEW" Name="First_bus_skew_postroute_physopted.rpt"/>
  <File Type="POSTROUTE-PHYSOPT-BUS-SKEW-PB" Name="First_bus_skew_postroute_physopted.pb"/>
  <File Type="BG-BIT" Name="First.bit"/>
  <File Type="POSTROUTE-PHYSOPT-BUS-SKEW-RPX" Name="First_bus_skew_postroute_physopted.rpx"/>
  <File Type="BITSTR-RBT" Name="First.rbt"/>
  <File Type="BITSTR-NKY" Name="First.nky"/>
  <File Type="BG-BGN" Name="First.bgn"/>
  <File Type="BG-DRC" Name="First.drc"/>
  <File Type="RDI-RDI" Name="First.vdi"/>
  <File Type="WBT-USG" Name="usage_statistics_webtalk.html"/>
  <FileSet Name="sources" Type="DesignSrcs" RelSrcDir="$PSRCDIR/sources_1">
    <Filter Type="Srcs"/>
    <File Path="$PSRCDIR/sources_1/new/First.v">
      <FileInfo>
        <Attr Name="UsedIn" Val="synthesis"/>
        <Attr Name="UsedIn" Val="implementation"/>
        <Attr Name="UsedIn" Val="simulation"/>
      </FileInfo>
    </File>
    <Config>
      <Option Name="DesignMode" Val="RTL"/>
      <Option Name="TopModule" Val="First"/>
      <Option Name="TopAutoSet" Val="TRUE"/>
    </Config>
  </FileSet>
  <FileSet Name="constrs_in" Type="Constrs" RelSrcDir="$PSRCDIR/constrs_1">
    <Filter Type="Constrs"/>
    <File Path="$PSRCDIR/constrs_1/new/EX1.xdc">
      <FileInfo>
        <Attr Name="UsedIn" Val="synthesis"/>
        <Attr Name="UsedIn" Val="implementation"/>
      </FileInfo>
    </File>
    <Config>
      <Option Name="ConstrsType" Val="XDC"/>
    </Config>
  </FileSet>
  <FileSet Name="utils" Type="Utils" RelSrcDir="$PSRCDIR/utils_1">
    <Filter Type="Utils"/>
    <Config>
      <Option Name="TopAutoSet" Val="TRUE"/>
    </Config>
  </FileSet>
  <Strategy Version="1" Minor="2">
    <StratHandle Name="Vivado Implementation Defaults" Flow="Vivado Implementation 2018"/>
    <Step Id="init_design"/>
    <Step Id="opt_design"/>
    <Step Id="power_opt_design"/>
    <Step Id="place_design"/>
    <Step Id="post_place_power_opt_design"/>
    <Step Id="phys_opt_design"/>
    <Step Id="route_design"/>
    <Step Id="post_route_phys_opt_design"/>
    <Step Id="write_bitstream"/>
  </Strategy>
</GenRun>
